City ,Country
Kabul,Afghanistan
Kandahar,Afghanistan
Herat,Afghanistan
Mazar-e Sharif,Afghanistan
Jalalabad,Afghanistan
Taluqan,Afghanistan
Kunduz,Afghanistan
Lashkar Gah,Afghanistan
Maimanah,Afghanistan
Shibirghan,Afghanistan
Tirana,Albania
Vlore,Albania
Kamez,Albania
Fier,Albania
Durres,Albania
Shkoder,Albania
Elbasan,Albania
Korce,Albania
Berat,Albania
Gjirokaster,Albania
Algiers,Algeria
Oran,Algeria
Constantine,Algeria
Blida,Algeria
Batna,Algeria
Setif,Algeria
Djelfa,Algeria
Annaba,Algeria
Sidi Bel Abbes,Algeria
Biskra,Algeria
Pago Pago,American Samoa
Andorra la Vella,Andorra
Escaldes-Engordany,Andorra
Encamp,Andorra
La Massana,Andorra
Sant Julia de Loria,Andorra
Ordino,Andorra
Canillo,Andorra
Luanda,Angola
Cacuaco,Angola
Lubango,Angola
Huambo,Angola
Benguela,Angola
Cabinda,Angola
Belas,Angola
Talatona,Angola
Lobito,Angola
Saurimo,Angola
The Valley,Anguilla
Saint John's,Antigua And Barbuda
Buenos Aires,Argentina
Cordoba,Argentina
Rosario,Argentina
Comodoro Rivadavia,Argentina
San Miguel de Tucuman,Argentina
Mar del Plata,Argentina
Salta,Argentina
San Juan,Argentina
Lanus,Argentina
Florencio Varela,Argentina
Santa Fe,Argentina
Yerevan,Armenia
Gyumri,Armenia
Vanadzor,Armenia
Hrazdan,Armenia
Abovyan,Armenia
Kapan,Armenia
Armavir,Armenia
Charentsavan,Armenia
Artashat,Armenia
Ashtarak,Armenia
Oranjestad,Aruba
Tanki Leendert,Aruba
Sydney,Australia
Melbourne,Australia
Brisbane,Australia
Perth,Australia
Adelaide,Australia
Canberra,Australia
Gold Coast,Australia
Cranbourne,Australia
Central Coast,Australia
Wollongong,Australia
Vienna,Austria
Graz,Austria
Linz,Austria
Salzburg,Austria
Innsbruck,Austria
Klagenfurt,Austria
Sankt Polten,Austria
Bregenz,Austria
Modling,Austria
Hall in Tirol,Austria
Baku,Azerbaijan
Sumqayit,Azerbaijan
Ganca,Azerbaijan
Mingacevir,Azerbaijan
Xirdalan,Azerbaijan
Naxcivan,Azerbaijan
Sirvan,Azerbaijan
Saki,Azerbaijan
Yevlax,Azerbaijan
M.A. Rasulzada,Azerbaijan
Manama,Bahrain
Al Muharraq,Bahrain
Madinat Hamad,Bahrain
Madinat `Isa,Bahrain
Dhaka,Bangladesh
Chattogram,Bangladesh
Khulna,Bangladesh
Sylhet,Bangladesh
Rajshahi,Bangladesh
Mymensingh,Bangladesh
Comilla,Bangladesh
Rangpur,Bangladesh
Brahmanbaria,Bangladesh
Jessore,Bangladesh
Bridgetown,Barbados
Minsk,Belarus
Homyel',Belarus
Vitsyebsk,Belarus
Mahilyow,Belarus
Hrodna,Belarus
Brest,Belarus
Babruysk,Belarus
Baranavichy,Belarus
Horad Barysaw,Belarus
Pinsk,Belarus
Brussels,Belgium
Antwerp,Belgium
Gent,Belgium
Charleroi,Belgium
Liege,Belgium
Anderlecht,Belgium
Bruges,Belgium
Namur,Belgium
Moortebeek,Belgium
Leuven,Belgium
Belmopan,Belize
Belize City,Belize
Orange Walk,Belize
San Ignacio,Belize
Dangriga,Belize
Corozal,Belize
Punta Gorda,Belize
San Pedro,Belize
Ladyville,Belize
Cotonou,Benin
Porto-Novo,Benin
Djougou,Benin
Parakou,Benin
Kandi,Benin
Lokossa,Benin
Ouidah,Benin
Abomey,Benin
Natitingou,Benin
Dogbo,Benin
Hamilton,Bermuda
Thimphu,Bhutan
Paro,Bhutan
Wangdue Phodrang,Bhutan
Punakha,Bhutan
Samtse,Bhutan
Tsirang,Bhutan
Mongar,Bhutan
Haa,Bhutan
Samdrup Jongkhar,Bhutan
Sarpang,Bhutan
Santa Cruz,Bolivia
La Paz,Bolivia
Sucre,Bolivia
Cochabamba,Bolivia
Oruro,Bolivia
Oruro,Bolivia
Warnes,Bolivia
Potosi,Bolivia
Tarija,Bolivia
Sacaba,Bolivia
Sarajevo,Bosnia And Herzegovina
Banja Luka,Bosnia And Herzegovina
Mostar,Bosnia And Herzegovina
Bijeljina,Bosnia And Herzegovina
Tuzla,Bosnia And Herzegovina
Brcko,Bosnia And Herzegovina
Prijedor,Bosnia And Herzegovina
Zenica,Bosnia And Herzegovina
Doboj,Bosnia And Herzegovina
Zvornik,Bosnia And Herzegovina
Gaborone,Botswana
Francistown,Botswana
Molepolole,Botswana
Maun,Botswana
Selibe Phikwe,Botswana
Serowe,Botswana
Kanye,Botswana
Mochudi,Botswana
Lobatse,Botswana
Tshabong,Botswana
Sao Paulo,Brazil
Rio de Janeiro,Brazil
Belo Horizonte,Brazil
Brasilia,Brazil
Salvador,Brazil
Fortaleza,Brazil
Curitiba,Brazil
Manaus,Brazil
Recife,Brazil
Belem,Brazil
Road Town,British Virgin Islands
Bandar Seri Begawan,Brunei
Kuala Belait,Brunei
Bangar,Brunei
Tutong,Brunei
Seria,Brunei
Kampong Tunah Jambu,Brunei
Kampong Lambak,Brunei
Kampong Mata Mata,Brunei
Kampong Beribi,Brunei
Kampong Mulaut,Brunei
Kampong Rimba,Brunei
Sofia,Bulgaria
Plovdiv,Bulgaria
Varna,Bulgaria
Burgas,Bulgaria
Ruse,Bulgaria
Stara Zagora,Bulgaria
Pleven,Bulgaria
Dobrich,Bulgaria
Sliven,Bulgaria
Shumen,Bulgaria
Ouagadougou,Burkina Faso
Bobo-Dioulasso,Burkina Faso
Koudougou,Burkina Faso
Ouahigouya,Burkina Faso
Kaya,Burkina Faso
Banfora,Burkina Faso
Fada Ngourma,Burkina Faso
Dedougou,Burkina Faso
Tenkodogo,Burkina Faso
Dori,Burkina Faso
Bujumbura,Burundi
Gitega,Burundi
Ngozi,Burundi
Kayanza,Burundi
Bubanza,Burundi
Karuzi,Burundi
Kirundo,Burundi
Muyinga,Burundi
Makamba,Burundi
Ruyigi,Burundi
Abidjan,Cote d'Ivoire
Yamoussoukro,Cote d'Ivoire
Bouake,Cote d'Ivoire
Korhogo,Cote d'Ivoire
Daloa,Cote d'Ivoire
San-Pedro,Cote d'Ivoire
Divo,Cote d'Ivoire
Man,Cote d'Ivoire
Gagnoa,Cote d'Ivoire
Soubre,Cote d'Ivoire
Praia,Cabo Verde
Mindelo,Cabo Verde
Sao Filipe,Cabo Verde
Ribeira Grande,Cabo Verde
Tarrafal,Cabo Verde
Porto Novo,Cabo Verde
Assomada,Cabo Verde
Pedra Badejo,Cabo Verde
Sal Rei,Cabo Verde
Espargos,Cabo Verde
Phnom Penh,Cambodia
Siem Reap,Cambodia
Battambang,Cambodia
Kampong Cham,Cambodia
Prey Veng,Cambodia
Kratie,Cambodia
Pursat,Cambodia
Takeo,Cambodia
Sisophon,Cambodia
Kampong Chhnang,Cambodia
Yaounde,Cameroon
Douala,Cameroon
Maroua,Cameroon
Bafoussam,Cameroon
Bamenda,Cameroon
Garoua,Cameroon
Limbe,Cameroon
Ngaoundere,Cameroon
Kumba,Cameroon
Buea,Cameroon
Toronto,Canada
Montreal,Canada
Vancouver,Canada
Calgary,Canada
Edmonton,Canada
Ottawa,Canada
Winnipeg,Canada
Quebec City,Canada
Kitchener,Canada
Halifax,Canada
Victoria,Canada
Mississauga,Canada
Hamilton,Canada
Brampton,Canada
Surrey,Canada
Laval,Canada
London,Canada
Markham,Canada
St. Catharines,Canada
Niagara Falls,Canada
George Town,Cayman Islands
Bangui,Central African Republic
Bimbo,Central African Republic
Berberati,Central African Republic
Bambari,Central African Republic
Bouar,Central African Republic
Bossangoa,Central African Republic
Bria,Central African Republic
Bangassou,Central African Republic
Nola,Central African Republic
Kaga Bandoro,Central African Republic
N'Djamena,Chad
Moundou,Chad
Sarh,Chad
Abeche,Chad
Goz-Beida,Chad
Koumra,Chad
Am-Timan,Chad
Doba,Chad
Bongor,Chad
Mongo,Chad
Santiago,Chile
Puente Alto,Chile
Maipu,Chile
La Florida,Chile
Antofagasta,Chile
Vina del Mar,Chile
San Bernardo,Chile
Valparaiso,Chile
Temuco,Chile
Las Condes,Chile
Shanghai,China
Guangzhou,China
Beijing,China
Shenzhen,China
Chengdu,China
Baoding,China
Tianjin,China
Linyi,China
Shijiazhuang,China
Zhengzhou,China
Nanyang,China
Wuhan,China
Handan,China
Weifang,China
Zhoukou,China
Ganzhou,China
Flying Fish Cove,Christmas Island
Bogota,Colombia
Timbio,Colombia
Medellin,Colombia
Cali,Colombia
Barranquilla,Colombia
Cartagena,Colombia
Palermo,Colombia
Cucuta,Colombia
Soledad,Colombia
Pereira,Colombia
Moroni,Comoros
Mutsamudu,Comoros
Fomboni,Comoros
Mkazi,Comoros
Mitsamiouli,Comoros
Brazzaville,Republic of the Congo 
Pointe-Noire,Republic of the Congo 
Dolisie,Republic of the Congo 
Ouesso,Republic of the Congo 
Owando,Republic of the Congo 
Sibiti,Republic of the Congo 
Madingou,Republic of the Congo 
Impfondo,Republic of the Congo 
Kinkala,Republic of the Congo 
Djambala,Republic of the Congo 
Kinshasa,Democratic Republic of the Congo 
Kananga,Democratic Republic of the Congo 
Lubumbashi,Democratic Republic of the Congo 
Mbuji-Mayi,Democratic Republic of the Congo 
Kisangani,Democratic Republic of the Congo 
Kikwit,Democratic Republic of the Congo 
Bukavu,Democratic Republic of the Congo 
Likasi,Democratic Republic of the Congo 
Kolwezi,Democratic Republic of the Congo 
Beni,Democratic Republic of the Congo 
Avarua,Cook Islands
San Jose,Costa Rica
Puerto Limon,Costa Rica
Alajuela,Costa Rica
Liberia,Costa Rica
Puntarenas,Costa Rica
San Juan,Costa Rica
Cartago,Costa Rica
Heredia,Costa Rica
Santa Ana,Costa Rica
Quesada,Costa Rica
Buenos Aires,Costa Rica
Zagreb,Croatia
Split,Croatia
Rijeka,Croatia
Osijek,Croatia
Zadar,Croatia
Slavonski Brod,Croatia
Sibenik,Croatia
Dubrovnik,Croatia
Bjelovar,Croatia
Sisak,Croatia
Havana,Cuba
Santiago de Cuba,Cuba
Holguin,Cuba
Camaguey,Cuba
Santa Clara,Cuba
Bayamo,Cuba
Guantanamo,Cuba
Carlos Manuel de Cespedes,Cuba
Arroyo Naranjo,Cuba
Las Tunas,Cuba
Willemstad,Curaçao
Nicosia,Cyprus
Limassol,Cyprus
Larnaca,Cyprus
Famagusta,Cyprus
Paphos,Cyprus
Kyrenia,Cyprus
Mesa Geitonia,Cyprus
Kato Polemidia,Cyprus
Aradippou,Cyprus
Latsia,Cyprus
Prague,Czech Republic
Brno,Czech Republic
Ostrava,Czech Republic
Plzen,Czech Republic
Liberec,Czech Republic
Olomouc,Czech Republic
Ceske Budejovice,Czech Republic
Hradec Kralove,Czech Republic
Usti nad Labem,Czech Republic
Pardubice,Czech Republic
Copenhagen,Denmark
Aarhus,Denmark
Odense,Denmark
Aalborg,Denmark
Esbjerg,Denmark
Vejle,Denmark
Viborg,Denmark
Hillerod,Denmark
Soro,Denmark
Roskilde,Denmark
Svendborg,Denmark
Frederikshavn,Denmark
Djibouti,Djibouti
Ali Sabieh,Djibouti
Dikhil,Djibouti
Obock,Djibouti
Tadjourah,Djibouti
Arta,Djibouti
Roseau,Dominica
Santo Domingo,Dominican Republic
Santiago,Dominican Republic
Santo Domingo Este,Dominican Republic
Los Alcarrizos,Dominican Republic
Higuey,Dominican Republic
San Cristobal,Dominican Republic
La Vega,Dominican Republic
San Pedro de Macoris,Dominican Republic
San Francisco de Macoris,Dominican Republic
Moca,Dominican Republic
Guayaquil,Ecuador
Quito,Ecuador
Cuenca,Ecuador
Santo Domingo de los Colorados,Ecuador
Machala,Ecuador
Eloy Alfaro,Ecuador
Manta,Ecuador
Portoviejo,Ecuador
Loja,Ecuador
Ambato,Ecuador
Cairo,Egypt
Giza,Egypt
Alexandria,Egypt
Shubra al Khaymah,Egypt
Al Mansurah,Egypt
Halwan,Egypt
Port Said,Egypt
Suez,Egypt
Tanta,Egypt
Asyut,Egypt
San Salvador,El Salvador
Usulutan,El Salvador
Santa Ana,El Salvador
San Miguel,El Salvador
Mejicanos,El Salvador
Santa Tecla,El Salvador
Apopa,El Salvador
Delgado,El Salvador
Sonsonate,El Salvador
Ahuachapan,El Salvador
Malabo,Equatorial Guinea
Bata,Equatorial Guinea
Ebebiyin,Equatorial Guinea
Evinayong,Equatorial Guinea
Luba,Equatorial Guinea
Mongomo,Equatorial Guinea
Pale,Equatorial Guinea
Djibloho,Equatorial Guinea
Anisoc,Equatorial Guinea
Bengonbeyene,Equatorial Guinea
Asmara,Eritrea
Keren,Eritrea
Assab,Eritrea
Massawa,Eritrea
Mendefera,Eritrea
Barentu,Eritrea
Beylul,Eritrea
Adi Keyh,Eritrea
Ghinda'e,Eritrea
Edd,Eritrea
Tallinn,Estonia
Tartu,Estonia
Parnu,Estonia
Viljandi,Estonia
Rakvere,Estonia
Kuressaare,Estonia
Valga,Estonia
Voru,Estonia
Johvi,Estonia
Haapsalu,Estonia
Addis Ababa,Ethiopia
Nazret,Ethiopia
Gonder,Ethiopia
Mekele,Ethiopia
Awasa,Ethiopia
Dire Dawa,Ethiopia
Bahir Dar,Ethiopia
Dese,Ethiopia
Jima,Ethiopia
Harar,Ethiopia
Stanley,Falkland Islands 
Torshavn,Faroe Islands
Klaksvik,Faroe Islands
Hvalba,Faroe Islands
Skopun,Faroe Islands
Hvannasund,Faroe Islands
Toftir,Faroe Islands
Porkeri,Faroe Islands
Saltangara,Faroe Islands
Strendur,Faroe Islands
Tvoroyri,Faroe Islands
Palikir,Federated States of Micronesia
Kolonia,Federated States of Micronesia
Tofol,Federated States of Micronesia
Weno,Federated States of Micronesia
Colonia,Federated States of Micronesia
Suva,Fiji
Lautoka,Fiji
Nausori,Fiji
Nadi,Fiji
Labasa,Fiji
Ba,Fiji
Sigatoka,Fiji
Vaileka,Fiji
Helsinki,Finland
Espoo,Finland
Tampere,Finland
Vantaa,Finland
Oulu,Finland
Turku,Finland
Jyvaskyla,Finland
Kuopio,Finland
Lahti,Finland
Kouvola,Finland
Paris,France
Marseille,France
Lyon,France
Toulouse,France
Nice,France
Nantes,France
Montpellier,France
Strasbourg,France
Bordeaux,France
Lille,France
Rennes,France
Reims,France
Toulon,France
Saint-Etienne,France
Le Havre,France
Grenoble,France
Villeurbanne,France
Dijon,France
Angers,France
Nimes,France
Cayenne,French Guiana
Saint-Laurent-du-Maroni,French Guiana
Kourou,French Guiana
Sinnamary,French Guiana
Saint-Georges,French Guiana
Roura,French Guiana
Iracoubo,French Guiana
Papeete,French Polynesia
Libreville,Gabon
Port-Gentil,Gabon
Oyem,Gabon
Franceville,Gabon
Lambarene,Gabon
Mouila,Gabon
Tchibanga,Gabon
Makokou,Gabon
Koulamoutou,Gabon
Moanda,Gabon
Tbilisi,Georgia
Batumi,Georgia
Kutaisi,Georgia
Rustavi,Georgia
Sokhumi,Georgia
Gori,Georgia
Zugdidi,Georgia
Telavi,Georgia
Ozurgeti,Georgia
Akhaltsikhe,Georgia
Berlin,Germany
Hamburg,Germany
Munich,Germany
Cologne,Germany
Frankfurt,Germany
Dusseldorf,Germany
Stuttgart,Germany
Leipzig,Germany
Dortmund,Germany
Essen,Germany
Bremen,Germany
Dresden,Germany
Hannover,Germany
Nuremberg,Germany
Duisburg,Germany
Bochum,Germany
Wuppertal,Germany
Bielefeld,Germany
Bonn,Germany
Munster,Germany
Accra,Ghana
Kumasi,Ghana
Tamale,Ghana
Sekondi,Ghana
Obuase,Ghana
Tema,Ghana
Cape Coast,Ghana
Koforidua,Ghana
Ho,Ghana
Wa,Ghana
Gibraltar,Gibraltar
Athens,Greece
Thessaloniki,Greece
Piraeus,Greece
Patra,Greece
Peristeri,Greece
Larisa,Greece
Irakleio,Greece
Kallithea,Greece
Nikaia,Greece
Glyfada,Greece
Nuuk,Greenland
Sisimiut,Greenland
Ilulissat,Greenland
Qaqortoq,Greenland
Aasiaat,Greenland
Tasiilaq,Greenland
Uummannaq,Greenland
Qasigiannguit,Greenland
Paamiut,Greenland
Upernavik,Greenland
Saint George's,Grenada
Basse-Terre,Guadeloupe
Pointe-a-Pitre,Guadeloupe
Hagta,Guam
Maina,Guam
Guatemala City,Guatemala
Villa Nueva,Guatemala
Coatepeque,Guatemala
San Pedro Carcha,Guatemala
Coban,Guatemala
Quetzaltenango,Guatemala
San Juan Sacatepequez,Guatemala
Jutiapa,Guatemala
Flores,Guatemala
Momostenango,Guatemala
Conakry,Guinea
Gueckedou,Guinea
Siguiri,Guinea
N'Zerekore,Guinea
Kindia,Guinea
Boke,Guinea
Kankan,Guinea
Labe,Guinea
Mamou,Guinea
Faranah,Guinea
Bissau,Guinea-Bissau
Farim,Guinea-Bissau
Quinhamel,Guinea-Bissau
Catio,Guinea-Bissau
Bafata,Guinea-Bissau
Gabu,Guinea-Bissau
Cacheu,Guinea-Bissau
Bolama,Guinea-Bissau
Buba,Guinea-Bissau
Mansoa,Guinea-Bissau
Fulacunda,Guinea-Bissau
Georgetown,Guyana
New Amsterdam,Guyana
Linden,Guyana
Bartica,Guyana
Lethem,Guyana
Mabaruma,Guyana
Vreed-en-Hoop,Guyana
Fort Wellington,Guyana
Mahdia,Guyana
Anna Regina,Guyana
Princetown,Guyana
Ituni,Guyana
Port-au-Prince,Haiti
Carrefour,Haiti
Petion-Ville,Haiti
Gonaives,Haiti
Delmas,Haiti
Cap-Haitien,Haiti
Les Cayes,Haiti
Saint-Marc,Haiti
Port-de-Paix,Haiti
Jacmel,Haiti
Jeremie,Haiti
Hinche,Haiti
Fort Liberte,Haiti
Miragoane,Haiti
Belladere,Haiti
Comayaguela,Honduras
Tegucigalpa,Honduras
San Pedro Sula,Honduras
Choloma,Honduras
La Ceiba,Honduras
Puerto Cortes,Honduras
Villanueva,Honduras
Comayagua,Honduras
El Progreso,Honduras
Ciudad Choluteca,Honduras
Hong Kong,Hong Kong
Budapest,Hungary
Debrecen,Hungary
Szeged,Hungary
Miskolc,Hungary
Pecs,Hungary
Gyor,Hungary
Nyiregyhaza,Hungary
Kecskemet,Hungary
Szekesfehervar,Hungary
Szombathely,Hungary
Reykjavik,Iceland
Kopavogur,Iceland
Hafnarfjordhur,Iceland
Akureyri,Iceland
Keflavik,Iceland
Gardhabaer,Iceland
Akranes,Iceland
Selfoss,Iceland
Isafjordhur,Iceland
Hofn,Iceland
Egilsstadhir,Iceland
Borgarnes,Iceland
Saudharkrokur,Iceland
Delhi,India
Mumbai,India
Kolkata,India
Bangalore,India
Chennai,India
Hyderabad,India
Pune,India
Ahmedabad,India
Allahabad,India
Surat,India
Lucknow,India
Jaipur,India
Cawnpore,India
Mirzapur,India
Nagpur,India
Ghaziabad,India
Vadodara,India
Vishakhapatnam,India
Indore,India
Thane,India
Jakarta,Indonesia
Bandung,Indonesia
Surabaya,Indonesia
Bekasi,Indonesia
Depok,Indonesia
Tangerang,Indonesia
Medan,Indonesia
Semarang,Indonesia
Palembang,Indonesia
Makassar,Indonesia
Tehran,Iran
Mashhad,Iran
Esfahan,Iran
Karaj,Iran
Shiraz,Iran
Tabriz,Iran
Qom,Iran
Ahvaz,Iran
Kermanshah,Iran
Orumiyeh,Iran
Baghdad,Iraq
Mosul,Iraq
Al Basrah,Iraq
Kirkuk,Iraq
Ar Ramadi,Iraq
Erbil,Iraq
An Najaf,Iraq
Karbala',Iraq
As Sulaymaniyah,Iraq
An Nasiriyah,Iraq
Dublin,Ireland
Cork,Ireland
Galway,Ireland
Limerick,Ireland
Waterford,Ireland
Drogheda,Ireland
Dun Dealgan,Ireland
Swords,Ireland
Blackrock,Ireland
Tralee,Ireland
Douglas,Isle Of Man
Ramsey,Isle Of Man
Jerusalem,Israel
Tel Aviv-Yafo,Israel
Haifa,Israel
Rishon LeZiyyon,Israel
Petah Tiqwa,Israel
Ashdod,Israel
Netanya,Israel
Beersheba,Israel
Bene Beraq,Israel
Holon,Israel
Rome,Italy
Milan,Italy
Naples,Italy
Turin,Italy
Palermo,Italy
Genoa,Italy
Bologna,Italy
Florence,Italy
Bari,Italy
Catania,Italy
Venice,Italy
Verona,Italy
"Kingston, Kingston ",Jamaica
"Montego Bay, Saint James",Jamaica
"Above Rocks, Saint Catherine",Jamaica
"Albert Town, Trelawny",Jamaica
"Alexandria, Saint Ann",Jamaica
"Alligator Pond, Manchester",Jamaica
"Anchovy, Saint James",Jamaica
"Annotto Bay, Saint Mary",Jamaica
"Balaclava, Saint Elizabeth",Jamaica
"Bamboo, Saint Ann",Jamaica
"Bath, Saint Thomas",Jamaica
"Bethel Town, Westmoreland",Jamaica
"Black River, Saint Elizabeth",Jamaica
"Bluefields, Westmoreland",Jamaica
"Bog Walk, Saint Catherine",Jamaica
"Brown's Town, Saint Ann",Jamaica
"Buff Bay, Portland",Jamaica
"Bull Savanna, Saint Elizabeth",Jamaica
"Cambridge, Saint James",Jamaica
"Cascade, Hanover",Jamaica
"Cave Valley, Saint Ann",Jamaica
"Chapelton, Clarendon",Jamaica
"Sanguinetti, Clarendon",Jamaica
"Christiana, Manchester",Jamaica
"Claremont, Saint Ann",Jamaica
"Clark's Town, Trelawny",Jamaica
"Coleyville, Manchester",Jamaica
"Constant Spring, Saint Andrew",Jamaica
"Croft's Hill, Clarendon",Jamaica
"Dalvey, Saint Thomas",Jamaica
"Darliston, Westmoreland",Jamaica
"Discovery Bay (Dry Harbour), Saint Ann",Jamaica
"Duncans, Trelawny",Jamaica
"Easington, Saint Thomas",Jamaica
"Ewarton, Saint Catherine",Jamaica
"Falmouth, Trelawny",Jamaica
"Frankfield, Clarendon",Jamaica
"Frome, Westmoreland",Jamaica
"Gayle, Saint Mary",Jamaica
"Seaford Town, Westmoreland",Jamaica
"Golden Grove, Saint Thomas",Jamaica
"Gordon Town, Saint Andrew",Jamaica
"Grange Hill, Westmoreland",Jamaica
"Green Island, Hanover",Jamaica
"Guy's Hill, Saint Mary",Jamaica
"Hayes, Clarendon",Jamaica
"Highgate, Saint Mary",Jamaica
"Hope Bay, Portland",Jamaica
"Hopewell, Hanover",Jamaica
"Islington, Saint Mary",Jamaica
"Kellits, Clarendon",Jamaica
"Lacovia, Saint Elizabeth",Jamaica
"Linstead, Saint Catherine",Jamaica
"Lionel Town, Clarendon",Jamaica
"Little London, Westmoreland",Jamaica
"Lluidas Vale, Saint Catherine",Jamaica
"Lucea, Hanover",Jamaica
"Lucky Hill, Saint Mary",Jamaica
"Maggotty, Saint Elizabeth",Jamaica
"Malvern, Saint Elizabeth",Jamaica
"Manchioneal, Portland",Jamaica
"Mandeville, Manchester",Jamaica
"Maroon Town, Saint James",Jamaica
"Mavis Bank, Saint Andrew",Jamaica
"May Pen, Clarendon",Jamaica
"Moneague, Saint Ann",Jamaica
"Moore Town, Portland",Jamaica
"Morant Bay, Saint Thomas",Jamaica
"Nain, Saint Elizabeth",Jamaica
"Negril, Westmoreland",Jamaica
"Ocho Rios, Saint Ann",Jamaica
"Old Harbour, Saint Catherine",Jamaica
"Old Harbour Bay, Saint Catherine",Jamaica
"Oracabessa, Saint Mary",Jamaica
"Osbourne Store, Clarendon",Jamaica
"Petersfield, Westmoreland",Jamaica
"Point Hill, Saint Catherine",Jamaica
"Port Antonio, Portland",Jamaica
"Port Maria, Saint Mary",Jamaica
"Port Royal, Kingston",Jamaica
"Portmore, Saint Catherine",Jamaica
"Porus, Manchester",Jamaica
"Race Course, Clarendon",Jamaica
"Richmond, Saint Mary",Jamaica
"Rio Bueno, Trelawny",Jamaica
"Riversdale, Saint Catherine",Jamaica
"Rocky Point, Clarendon",Jamaica
"Runaway Bay, Saint Ann",Jamaica
"Saint Ann's Bay, Saint Ann",Jamaica
"Sandy Bay, Hanover",Jamaica
"Santa Cruz, Saint Elizabeth",Jamaica
"Savanna-la-Mar, Westmoreland",Jamaica
"Seaforth, Saint Thomas",Jamaica
"Siloah, Saint Elizabeth",Jamaica
"Southfield, Saint Elizabeth",Jamaica
"Spanish Town, Saint Catherine",Jamaica
"Stony Hill, Saint Andrew",Jamaica
"Trinity Ville, Saint Thomas",Jamaica
"Ulster Spring, Trelawny",Jamaica
"Wakefield, Trelawny",Jamaica
"White House, Westmoreland",Jamaica
"Williamsfield, Manchester",Jamaica
"YallahsSaint, Thomas",Jamaica
Tokyo,Japan
Osaka,Japan
Nagoya,Japan
Yokohama,Japan
Fukuoka,Japan
Sapporo,Japan
Kawasaki,Japan
Kobe,Japan
Kyoto,Japan
Saitama,Japan
Hiroshima,Japan
Imagane,Japan
Saint Helier,Jersey
Amman,Jordan
Irbid,Jordan
Az Zarqa',Jordan
Ar Ramtha,Jordan
`Ajlun,Jordan
Al `Aqabah,Jordan
As Salt,Jordan
Al Mafraq,Jordan
Jarash,Jordan
Ma`an,Jordan
Almaty,Kazakhstan
Nur-Sultan,Kazakhstan
Shymkent,Kazakhstan
Qaraghandy,Kazakhstan
Aqtobe,Kazakhstan
Taraz,Kazakhstan
Pavlodar,Kazakhstan
Semey,Kazakhstan
Oskemen,Kazakhstan
Atyrau,Kazakhstan
Nairobi,Kenya
Meru,Kenya
Mombasa,Kenya
Kisumu,Kenya
Nakuru,Kenya
Eldoret,Kenya
Machakos,Kenya
Thika,Kenya
Nyeri,Kenya
Mumias,Kenya
Tarawa,Kiribati
Teaoraereke,Kiribati
Pristina,Kosovo
Malisheve,Kosovo
Kline,Kosovo
Kamenice,Kosovo
Fushe Kosove,Kosovo
Shtime,Kosovo
Hani i Elezit,Kosovo
Mamushe,Kosovo
Junik,Kosovo
Ranillug,Kosovo
Kuwait City,Kuwait
Al Jahra',Kuwait
Abu Hulayfah,Kuwait
Al Ahmadi,Kuwait
Bishkek,Kyrgyzstan
Osh,Kyrgyzstan
Jalal-Abad,Kyrgyzstan
Karakol,Kyrgyzstan
Talas,Kyrgyzstan
Naryn,Kyrgyzstan
Batken,Kyrgyzstan
Kara-Balta,Kyrgyzstan
Tokmok,Kyrgyzstan
Ozgon,Kyrgyzstan
Vientiane,Laos
Pakxe,Laos
Savannakhet,Laos
Thakhek,Laos
Louangphabang,Laos
Xam Nua,Laos
Phonsavan,Laos
Attapu,Laos
Ban Houayxay,Laos
Xaignabouli,Laos
Riga,Latvia
Daugavpils,Latvia
Liepaja,Latvia
Jelgava,Latvia
Jurmala,Latvia
Ventspils,Latvia
Rezekne,Latvia
Valmiera,Latvia
Ogre,Latvia
Jekabpils,Latvia
Beirut,Lebanon
Tripoli,Lebanon
Sidon,Lebanon
Tyre,Lebanon
Zahle,Lebanon
Jounie,Lebanon
Nabatiye,Lebanon
Baalbek,Lebanon
Baabda,Lebanon
Halba,Lebanon
El Qaa,Lebanon
Amioun,Lebanon
Maseru,Lesotho
Teyateyaneng,Lesotho
Mafeteng,Lesotho
Leribe,Lesotho
Mohale's Hoek,Lesotho
Quthing,Lesotho
Butha-Buthe,Lesotho
Mokhotlong,Lesotho
Thaba-Tseka,Lesotho
Qacha's Nek,Lesotho
Maputsoe,Lesotho
Monrovia,Liberia
Gbarnga,Liberia
Kakata,Liberia
Harper,Liberia
Voinjama,Liberia
Zwedru,Liberia
Robertsport,Liberia
Sanniquellie,Liberia
Greenville,Liberia
Bensonville,Liberia
Tripoli,Libya
Benghazi,Libya
Misratah,Libya
Al Bayda',Libya
Al Khums,Libya
Az Zawiyah,Libya
Gharyan,Libya
Al Marj,Libya
Ajdabiya,Libya
Tobruk,Libya
Vaduz,Liechtenstein
Schaan,Liechtenstein
Triesen,Liechtenstein
Mauren,Liechtenstein
Eschen,Liechtenstein
Balzers,Liechtenstein
Triesenberg,Liechtenstein
Ruggell,Liechtenstein
Gamprin,Liechtenstein
Schellenberg,Liechtenstein
Planken,Liechtenstein
Vilnius,Lithuania
Kaunas,Lithuania
Klaipeda,Lithuania
Siauliai,Lithuania
Panevezys,Lithuania
Alytus,Lithuania
Marijampole,Lithuania
Mazeikiai,Lithuania
Utena,Lithuania
Jonava,Lithuania
Luxembourg,Luxembourg
Esch-sur-Alzette,Luxembourg
Diekirch,Luxembourg
Echternach,Luxembourg
Wiltz,Luxembourg
Grevenmacher,Luxembourg
Remich,Luxembourg
Vianden,Luxembourg
Capellen,Luxembourg
Clervaux,Luxembourg
Macau,Macau
Skopje,Macedonia
Tetovo,Macedonia
Bitola,Macedonia
Kumanovo,Macedonia
Prilep,Macedonia
Ohrid,Macedonia
Veles,Macedonia
Stip,Macedonia
Gostivar,Macedonia
Kocani,Macedonia
Antananarivo,Madagascar
Antsirabe,Madagascar
Toamasina,Madagascar
Fianarantsoa,Madagascar
Mahajanga,Madagascar
Toliara,Madagascar
Antsiranana,Madagascar
Farafangana,Madagascar
Tolanaro,Madagascar
Antalaha,Madagascar
Blantyre,Malawi
Lilongwe,Malawi
Mzuzu,Malawi
Zomba,Malawi
Salima,Malawi
Nkhotakota,Malawi
Mangochi,Malawi
Karonga,Malawi
Nkhata Bay,Malawi
Mzimba,Malawi
Kuala Lumpur,Malaysia
Klang,Malaysia
Ipoh,Malaysia
Butterworth,Malaysia
George Town,Malaysia
Petaling Jaya,Malaysia
Kuantan,Malaysia
Shah Alam,Malaysia
Johor Bahru,Malaysia
Kota Bharu,Malaysia
Male,Maldives
Un'goofaaru,Maldives
Naifaru,Maldives
Mahibadhoo,Maldives
Eydhafushi,Maldives
Funadhoo,Maldives
Kudahuvadhoo,Maldives
Kulhudhuffushi,Maldives
Thinadhoo,Maldives
Thulusdhoo,Maldives
Bamako,Mali
Sikasso,Mali
Segou,Mali
Mopti,Mali
Koutiala,Mali
Kayes,Mali
Kati,Mali
Gao,Mali
Kita,Mali
Timbuktu,Mali
Valletta,Malta
Birkirkara,Malta
Sliema,Malta
Mosta,Malta
Saint Paul's Bay,Malta
Fgura,Malta
Qormi,Malta
Zabbar,Malta
San Gwann,Malta
Tarxien,Malta
Majuro,Marshall Islands
Fort-de-France,Martinique
Nouakchott,Mauritania
Nema,Mauritania
Nouadhibou,Mauritania
Kiffa,Mauritania
Zouerate,Mauritania
Rosso,Mauritania
Atar,Mauritania
Tidjikja,Mauritania
Arafat,Mauritania
Aleg,Mauritania
Port Louis,Mauritius
Curepipe,Mauritius
Quartier Militaire,Mauritius
Centre de Flacq,Mauritius
Port Mathurin,Mauritius
Cap Malheureux,Mauritius
Mamoudzou,Mayotte
Mexico City,Mexico
Guadalajara,Mexico
Tijuana,Mexico
Ecatepec,Mexico
Leon de los Aldama,Mexico
Puebla,Mexico
Zapopan,Mexico
Juarez,Mexico
Monterrey,Mexico
Ciudad Nezahualcoyotl,Mexico
Nezahualcoyotl,Mexico
Mexicali,Mexico
Villahermosa,Mexico
Morelia,Mexico
Aguascalientes,Mexico
Naucalpan de Juarez,Mexico
Merida,Mexico
Cancun,Mexico
Chihuahua,Mexico
Saltillo,Mexico
Chisinau,Moldova
Tiraspol,Moldova
Balti,Moldova
Bender,Moldova
Ungheni,Moldova
Cahul,Moldova
Soroca,Moldova
Orhei,Moldova
Comrat,Moldova
Straseni,Moldova
Monaco,Monaco
Ulaanbaatar,Mongolia
Moron,Mongolia
Erdenet,Mongolia
Darhan,Mongolia
Choybalsan,Mongolia
Olgiy,Mongolia
Bayanhongor,Mongolia
Ulaangom,Mongolia
Hovd,Mongolia
Suhbaatar,Mongolia
Podgorica,Montenegro
Ulcinj,Montenegro
Budva,Montenegro
Pljevlja,Montenegro
Herceg Novi,Montenegro
Bijelo Polje,Montenegro
Cetinje,Montenegro
Plav,Montenegro
Bar,Montenegro
Berane,Montenegro
Brades,Montserrat
Casablanca,Morocco
El Kelaa des Srarhna,Morocco
Fes,Morocco
Rabat,Morocco
Tifariti,Morocco
Tangier,Morocco
Marrakech,Morocco
Sale,Morocco
Meknes,Morocco
Oujda-Angad,Morocco
Maputo,Mozambique
Matola,Mozambique
Nampula,Mozambique
Beira,Mozambique
Chimoio,Mozambique
Cidade de Nacala,Mozambique
Quelimane,Mozambique
Tete,Mozambique
Pemba,Mozambique
Lichinga,Mozambique
Rangoon,Myanmar
Mandalay,Myanmar
Nay Pyi Taw,Myanmar
Hpa-An,Myanmar
Bago,Myanmar
Myeik,Myanmar
Myitkyina,Myanmar
Pathein,Myanmar
Monywa,Myanmar
Sittwe,Myanmar
Windhoek,Namibia
Rundu,Namibia
Oshakati,Namibia
Swakopmund,Namibia
Otjiwarongo,Namibia
Katima Mulilo,Namibia
Rehoboth,Namibia
Gobabis,Namibia
Keetmanshoop,Namibia
Mariental,Namibia
Yaren,Nauru
Kathmandu,Nepal
Pokhara,Nepal
Jitpur,Nepal
Biratnagar,Nepal
Ghorahi,Nepal
Bharatpur,Nepal
Birganj,Nepal
Butwal,Nepal
Dharan,Nepal
Dhangadhi,Nepal
Amsterdam,Netherlands
The Hague,Netherlands
Rotterdam,Netherlands
Utrecht,Netherlands
Eindhoven,Netherlands
Tilburg,Netherlands
Almere,Netherlands
Groningen,Netherlands
Breda,Netherlands
Nijmegen,Netherlands
Haarlem,Netherlands
Apeldoorn,Netherlands
Enschede,Netherlands
Amersfoort,Netherlands
Zaanstad,Netherlands
Hoofddorp,Netherlands
Arnhem,Netherlands
's-Hertogenbosch,Netherlands
Leiden,Netherlands
Zoetermeer,Netherlands
Noumea,New Caledonia
Kone,New Caledonia
We,New Caledonia
Auckland,New Zealand
Wellington,New Zealand
Christchurch,New Zealand
Manukau City,New Zealand
Northcote,New Zealand
Waitakere,New Zealand
Hamilton,New Zealand
Tauranga,New Zealand
Lower Hutt,New Zealand
Dunedin,New Zealand
Managua,Nicaragua
Boaco,Nicaragua
Leon,Nicaragua
Masaya,Nicaragua
Jinotega,Nicaragua
Matagalpa,Nicaragua
Esteli,Nicaragua
Chinandega,Nicaragua
Tipitapa,Nicaragua
Granada,Nicaragua
Niamey,Niger
Maradi,Niger
Zinder,Niger
Agadez,Niger
Tahoua,Niger
Dosso,Niger
Diffa,Niger
Tillaberi,Niger
Arlit,Niger
Birnin Konni,Niger
Lagos,Nigeria
Kano,Nigeria
Ibadan,Nigeria
Aba,Nigeria
Onitsha,Nigeria
Abuja,Nigeria
Maiduguri,Nigeria
Benin City,Nigeria
Ikare,Nigeria
Ogbomoso,Nigeria
Alofi,Niue
Kingston,Norfolk Island
Pyongyang,North Korea
Nampo,North Korea
Hamhung,North Korea
Ch'ongjin,North Korea
Sunch'on,North Korea
Wonsan,North Korea
Sinuiju,North Korea
Tanch'on,North Korea
Kaesong,North Korea
Kaech'on,North Korea
Capitol Hill,Northern Mariana Islands
Oslo,Norway
Bergen,Norway
Trondheim,Norway
Stavanger,Norway
Kristiansand,Norway
Drammen,Norway
Skien,Norway
Bodo,Norway
Arendal,Norway
Tromso,Norway
Molde,Norway
Muscat,Oman
As Sib,Oman
Matrah,Oman
Salalah,Oman
As Suwayhirah as Sahil,Oman
`Ibri,Oman
Nizwa,Oman
Khasab,Oman
Al Buraymi,Oman
Suhar,Oman
Karachi,Pakistan
Lahore,Pakistan
Faisalabad,Pakistan
Rawalpindi,Pakistan
Gujranwala,Pakistan
Peshawar,Pakistan
Multan,Pakistan
Saidu Sharif,Pakistan
Hyderabad City,Pakistan
Islamabad,Pakistan
Ngerulmud,Palau
Koror,Palau
Melekeok,Palau
Panama City,Panama
San Miguelito,Panama
Colon,Panama
David,Panama
La Chorrera,Panama
Chitre,Panama
Santiago,Panama
Penonome,Panama
Bocas del Toro,Panama
Las Tablas,Panama
Port Moresby,Papua New Guinea
Lae,Papua New Guinea
Madang,Papua New Guinea
Mount Hagen,Papua New Guinea
Popondetta,Papua New Guinea
Mendi,Papua New Guinea
Wewak,Papua New Guinea
Goroka,Papua New Guinea
Kavieng,Papua New Guinea
Kimbe,Papua New Guinea
Asuncion,Paraguay
Ciudad del Este,Paraguay
San Lorenzo,Paraguay
Pedro Juan Caballero,Paraguay
Coronel Oviedo,Paraguay
San Antonio,Paraguay
Encarnacion,Paraguay
Aregua,Paraguay
Concepcion,Paraguay
Villarrica,Paraguay
Lima,Peru
Callao,Peru
Arequipa,Peru
Trujillo,Peru
Chiclayo,Peru
Chimbote,Peru
Piura,Peru
Cusco,Peru
Huancayo,Peru
Iquitos,Peru
Manila,Philippines
Quezon City,Philippines
Davao,Philippines
Caloocan City,Philippines
Zamboanga City,Philippines
Cebu City,Philippines
Taguig City,Philippines
Antipolo,Philippines
Pasig City,Philippines
Valenzuela,Philippines
Adamstown,Pitcairn Islands
Warsaw,Poland
Krakow,Poland
Lodz,Poland
Wroclaw,Poland
Poznan,Poland
Gdansk,Poland
Szczecin,Poland
Bydgoszcz,Poland
Lublin,Poland
Bialystok,Poland
Lisbon,Portugal
Sintra,Portugal
Vila Nova de Gaia,Portugal
Porto,Portugal
Cascais,Portugal
Loures,Portugal
Braga,Portugal
Amadora,Portugal
Matosinhos,Portugal
Almada,Portugal
San Juan,Puerto Rico
Bayamon,Puerto Rico
Carolina,Puerto Rico
Ponce,Puerto Rico
Caguas,Puerto Rico
Guaynabo,Puerto Rico
Trujillo Alto,Puerto Rico
Levittown,Puerto Rico
Guayama,Puerto Rico
Yauco,Puerto Rico
Doha,Qatar
Al Wakrah,Qatar
Ar Rayyan,Qatar
Al Khawr,Qatar
Umm Salal `Ali,Qatar
Ash Shihaniyah,Qatar
Az Za`ayin,Qatar
Madinat ash Shamal,Qatar
Saint-Denis,Reunion
Saint-Benoit,Reunion
Bucharest,Romania
Cluj-Napoca,Romania
Timisoara,Romania
Iasi,Romania
Brasov,Romania
Constanta,Romania
Craiova,Romania
Galati,Romania
Ploiesti,Romania
Oradea,Romania
Moscow,Russia
Saint Petersburg,Russia
Novosibirsk,Russia
Yekaterinburg,Russia
Nizhniy Novgorod,Russia
Kazan,Russia
Chelyabinsk,Russia
Omsk,Russia
Samara,Russia
Rostov,Russia
Kigali,Rwanda
Nyanza,Rwanda
Gisenyi,Rwanda
Ruhengeri,Rwanda
Byumba,Rwanda
Rwamagana,Rwanda
Kibuye,Rwanda
Gitarama,Rwanda
Butare,Rwanda
Muhanga,Rwanda
Gustavia,Saint Barthelemy
Jamestown,Saint Helena
Georgetown,Saint Helena
Edinburgh of the Seven Seas,Saint Helena
Basseterre,Saint Kitts And Nevis
Castries,Saint Lucia
Gros Islet,Saint Lucia
Marigot,Saint Martin
Saint-Pierre,Saint Pierre And Miquelon
Kingstown,Saint Vincent And The Grenadines
Apia,Samoa
Afega,Samoa
Leulumoega,Samoa
Mulifanua,Samoa
Lufilufi,Samoa
Safotulafai,Samoa
Samamea,Samoa
Satupa`itea,Samoa
Asau,Samoa
Safotu,Samoa
Vailoa,Samoa
Saleaula,Samoa
San Marino,San Marino
Serravalle,San Marino
Borgo Maggiore,San Marino
Domagnano,San Marino
Acquaviva,San Marino
Fiorentino,San Marino
Montegiardino,San Marino
Chiesanuova,San Marino
Faetano,San Marino
Sao Tome,Sao Tome And Principe
Trindade,Sao Tome And Principe
Santo Antonio,Sao Tome And Principe
Guadalupe,Sao Tome And Principe
Santana,Sao Tome And Principe
Neves,Sao Tome And Principe
Sao Joao dos Angolares,Sao Tome And Principe
Riyadh,Saudi Arabia
Jeddah,Saudi Arabia
Mecca,Saudi Arabia
Medina,Saudi Arabia
Ad Dammam,Saudi Arabia
Al Hufuf,Saudi Arabia
Al Hillah,Saudi Arabia
At Ta'if,Saudi Arabia
Tabuk,Saudi Arabia
Buraydah,Saudi Arabia
Pikine,Senegal
Dakar,Senegal
Touba,Senegal
Thies,Senegal
Rufisque,Senegal
Ziguinchor,Senegal
Saint-Louis,Senegal
Kaolack,Senegal
Diourbel,Senegal
Louga,Senegal
Belgrade,Serbia
Novi Sad,Serbia
Nis,Serbia
Zemun,Serbia
Kragujevac,Serbia
Valjevo,Serbia
Loznica,Serbia
Zrenjanin,Serbia
Pancevo,Serbia
Cacak,Serbia
Victoria,Seychelles
Freetown,Sierra Leone
Bo,Sierra Leone
Kenema,Sierra Leone
Makeni,Sierra Leone
Port Loko,Sierra Leone
Koidu-Bulma,Sierra Leone
Singapore,Singapore
Philipsburg,Sint Maarten
Bratislava,Slovakia
Kosice,Slovakia
Petrzalka,Slovakia
Presov,Slovakia
Zilina,Slovakia
Banska Bystrica,Slovakia
Nitra,Slovakia
Trnava,Slovakia
Trencin,Slovakia
Martin,Slovakia
Ljubljana,Slovenia
Maribor,Slovenia
Celje,Slovenia
Kranj,Slovenia
Koper,Slovenia
Velenje,Slovenia
Novo Mesto,Slovenia
Ptuj,Slovenia
Kamnik,Slovenia
Jesenice,Slovenia
Honiara,Solomon Islands
Gizo,Solomon Islands
Kirakira,Solomon Islands
Auki,Solomon Islands
Taro,Solomon Islands
Lata,Solomon Islands
Tulagi,Solomon Islands
Buala,Solomon Islands
Tigoa,Solomon Islands
Mogadishu,Somalia
Marka,Somalia
Jamaame,Somalia
Kismaayo,Somalia
Baidoa,Somalia
Jawhar,Somalia
Beledweyne,Somalia
Gaalkacyo,Somalia
Boosaaso,Somalia
Garbahaarrey,Somalia
Johannesburg,South Africa
Soweto,South Africa
Vereeniging,South Africa
Pretoria,South Africa
Cape Town,South Africa
Bloemfontein,South Africa
Pietermaritzburg,South Africa
Durban,South Africa
Welkom,South Africa
East London,South Africa
King Edward Point,South Georgia And South Sandwich Islands
Grytviken,South Georgia And South Sandwich Islands
Seoul,South Korea
Busan,South Korea
Incheon,South Korea
Daegu,South Korea
Gwangju,South Korea
Daejeon,South Korea
Suwon,South Korea
Ulsan,South Korea
Goyang,South Korea
Changwon,South Korea
Juba,South Sudan
Bor,South Sudan
Yei,South Sudan
Wau,South Sudan
Malakal,South Sudan
Aweil,South Sudan
Yambio,South Sudan
Rumbek,South Sudan
Torit,South Sudan
Bentiu,South Sudan
Madrid,Spain
Barcelona,Spain
Valencia,Spain
Sevilla,Spain
Zaragoza,Spain
Malaga,Spain
Murcia,Spain
Palma,Spain
Las Palmas,Spain
Bilbao,Spain
Colombo,Sri Lanka
Sri Jayewardenepura Kotte,Sri Lanka
Moratuwa,Sri Lanka
Kandy,Sri Lanka
Negombo,Sri Lanka
Batticaloa,Sri Lanka
Trincomalee,Sri Lanka
Kilinochchi,Sri Lanka
Galle,Sri Lanka
Jaffna,Sri Lanka
Khartoum,Sudan
Omdurman,Sudan
Khartoum North,Sudan
Port Sudan,Sudan
Kassala,Sudan
Nyala,Sudan
El Obeid,Sudan
Gedaref,Sudan
Kusti,Sudan
Wad Medani,Sudan
Paramaribo,Suriname
Nieuw Nickerie,Suriname
Brokopondo,Suriname
Albina,Suriname
Nieuw Amsterdam,Suriname
Groningen,Suriname
Onverwacht,Suriname
Totness,Suriname
Lelydorp,Suriname
Cottica,Suriname
Moengo,Suriname
Tamanredjo,Suriname
Domburg,Suriname
Brownsweg,Suriname
Longyearbyen,Svalbard
Mbabane,Swaziland
Lobamba,Swaziland
Manzini,Swaziland
Siteki,Swaziland
Nhlangano,Swaziland
Mhlume,Swaziland
Lavumisa,Swaziland
Hlatikulu,Swaziland
Piggs Peak,Swaziland
Stockholm,Sweden
Gothenburg,Sweden
Malmo,Sweden
Uppsala,Sweden
Uppsala,Sweden
Vasteras,Sweden
Orebro,Sweden
Linkoping,Sweden
Helsingborg,Sweden
Jonkoping,Sweden
Bern,Switzerland
Zurich,Switzerland
Geneva,Switzerland
Basel,Switzerland
Lausanne,Switzerland
Winterthur,Switzerland
Lucerne,Switzerland
Sankt Gallen,Switzerland
Biel/Bienne,Switzerland
Thun,Switzerland
Aleppo,Syria
Damascus,Syria
Homs,Syria
Latakia,Syria
Hamah,Syria
Ar Raqqah,Syria
Dayr az Zawr,Syria
Al Qamishli,Syria
Idlib,Syria
Dar`a,Syria
Taichung,Taiwan
Kaohsiung,Taiwan
Taipei,Taiwan
Tainan,Taiwan
Zhongli,Taiwan
Changhua,Taiwan
Pingtung,Taiwan
Taoyuan District,Taiwan
Hsinchu,Taiwan
Keelung,Taiwan
Dushanbe,Tajikistan
Khujand,Tajikistan
Bokhtar,Tajikistan
Khorugh,Tajikistan
Kulob,Tajikistan
Istaravshan,Tajikistan
Konibodom,Tajikistan
Tursunzoda,Tajikistan
Vahdat,Tajikistan
Isfara,Tajikistan
Dar es Salaam,Tanzania
Dodoma,Tanzania
Arusha,Tanzania
Mwanza,Tanzania
Mbeya,Tanzania
Tanga,Tanzania
Morogoro,Tanzania
Zanzibar,Tanzania
Sumbawanga,Tanzania
Moshi,Tanzania
Bangkok,Thailand
Nonthaburi,Thailand
Pak Kret,Thailand
Hat Yai,Thailand
Chiang Mai,Thailand
Nakhon Ratchasima,Thailand
Surat Thani,Thailand
Udon Thani,Thailand
Ban Bang Pu Mai,Thailand
Phatthaya,Thailand
Nassau,The Bahamas
Freeport City,The Bahamas
Marsh Harbour,The Bahamas
Banjul,The Gambia
Brikama,The Gambia
Mansa Konko,The Gambia
Basse Santa Su,The Gambia
Kanifing,The Gambia
Janjanbureh,The Gambia
Kerewan,The Gambia
Farafenni,The Gambia
Bansang,The Gambia
Dili,Timor-Leste
Maliana,Timor-Leste
Baucau,Timor-Leste
Manatuto,Timor-Leste
Gleno,Timor-Leste
Viqueque,Timor-Leste
Liquica,Timor-Leste
Ainaro,Timor-Leste
Same,Timor-Leste
Aileu,Timor-Leste
Suai,Timor-Leste
Pante Macassar,Timor-Leste
Lospalos,Timor-Leste
Lome,Togo
Sokode,Togo
Kpalime,Togo
Atakpame,Togo
Dapaong,Togo
Kara,Togo
Sansanne-Mango,Togo
Bassar,Togo
Sotouboua,Togo
Nuku`alofa,Tonga
Neiafu,Tonga
Port of Spain,Trinidad And Tobago
Chaguanas,Trinidad And Tobago
San Fernando,Trinidad And Tobago
Couva,Trinidad And Tobago
Tunapuna,Trinidad And Tobago
Siparia,Trinidad And Tobago
Arima,Trinidad And Tobago
Scarborough,Trinidad And Tobago
Diego Martin,Trinidad And Tobago
Point Fortin,Trinidad And Tobago
Aranguez,Trinidad And Tobago
Debe,Trinidad And Tobago
Princes Town,Trinidad And Tobago
Sangre Grande,Trinidad And Tobago
Rio Claro,Trinidad And Tobago
Laventille,Trinidad And Tobago
Saint Joseph,Trinidad And Tobago
San Juan,Trinidad And Tobago
Tunis,Tunisia
Sidi Bouzid,Tunisia
Sfax,Tunisia
Sousse,Tunisia
Kairouan,Tunisia
Metouia,Tunisia
Kebili,Tunisia
Bizerte,Tunisia
Gabes,Tunisia
Ariana,Tunisia
Istanbul,Turkey
Ankara,Turkey
Bagcilar,Turkey
Kucukcekmece,Turkey
Kagithane,Turkey
Elazig,Turkey
Esenler,Turkey
Esenyurt,Turkey
Manisa,Turkey
Van,Turkey
Ashgabat,Turkmenistan
Turkmenabat,Turkmenistan
Dasoguz,Turkmenistan
Mary,Turkmenistan
Balkanabat,Turkmenistan
Anew,Turkmenistan
Serdar,Turkmenistan
Turkmenbasy,Turkmenistan
Tejen,Turkmenistan
Abadan,Turkmenistan
Kaka,Turkmenistan
Grand Turk,Turks And Caicos Islands
Funafuti,Tuvalu
Charlotte Amalie,U.S. Virgin Islands
Kampala,Uganda
Mbale,Uganda
Arua,Uganda
Tororo,Uganda
Gulu,Uganda
Lira,Uganda
Mbarara,Uganda
Jinja,Uganda
Kasese,Uganda
Masaka,Uganda
Kyiv,Ukraine
Kharkiv,Ukraine
Odesa,Ukraine
Dnipro,Ukraine
Donetsk,Ukraine
Zaporizhzhia,Ukraine
Lviv,Ukraine
Kryvyi Rih,Ukraine
Sevastopol,Ukraine
Mykolaiv,Ukraine
Dubai,United Arab Emirates
Abu Dhabi,United Arab Emirates
Sharjah,United Arab Emirates
Al `Ayn,United Arab Emirates
`Ajman,United Arab Emirates
Ra's al Khaymah,United Arab Emirates
Al Fujayrah,United Arab Emirates
Umm al Qaywayn,United Arab Emirates
Madinat Zayid,United Arab Emirates
London,United Kingdom
Birmingham,United Kingdom
Leeds,United Kingdom
Glasgow,United Kingdom
Bristol,United Kingdom
Manchester,United Kingdom
Sheffield,United Kingdom
Liverpool,United Kingdom
Edinburgh,United Kingdom
Leicester,United Kingdom
Coventry,United Kingdom
Caerdydd,United Kingdom
Belfast,United Kingdom
Newcastle,United Kingdom
Bradford,United Kingdom
Nottingham,United Kingdom
Ipswich,United Kingdom
Bolton,United Kingdom
Sunderland,United Kingdom
Southampton,United Kingdom
New York,United States
Los Angeles,United States
Chicago,United States
Miami,United States
Dallas,United States
Philadelphia,United States
Houston,United States
Atlanta,United States
Washington,United States
Boston,United States
Phoenix,United States
Seattle,United States
San Francisco,United States
Detroit,United States
San Diego,United States
Minneapolis,United States
Tampa,United States
Denver,United States
Brooklyn,United States
Queens,United States
Riverside,United States
Baltimore,United States
Las Vegas,United States
Portland,United States
San Antonio,United States
St. Louis,United States
Sacramento,United States
Orlando,United States
San Jose,United States
Cleveland,United States
Pittsburgh,United States
Austin,United States
Cincinnati,United States
Kansas City,United States
Manhattan,United States
Indianapolis,United States
Columbus,United States
Charlotte,United States
Virginia Beach,United States
Bronx,United States
Milwaukee,United States
Providence,United States
Jacksonville,United States
Salt Lake City,United States
Nashville,United States
Richmond,United States
Memphis,United States
Raleigh,United States
New Orleans,United States
Louisville,United States
Oklahoma City,United States
Bridgeport,United States
Buffalo,United States
Fort Worth,United States
Hartford,United States
Tucson,United States
Omaha,United States
El Paso,United States
Honolulu,United States
McAllen,United States
Hempstead,United States
Albuquerque,United States
Birmingham,United States
Sarasota,United States
Dayton,United States
Rochester,United States
Fresno,United States
Allentown,United States
Tulsa,United States
Cape Coral,United States
Concord,United States
Colorado Springs,United States
Charleston,United States
Springfield,United States
Grand Rapids,United States
Mission Viejo,United States
Albany,United States
Knoxville,United States
Bakersfield,United States
Ogden,United States
Baton Rouge,United States
Akron,United States
New Haven,United States
Columbia,United States
Mesa,United States
Palm Bay,United States
Provo,United States
Worcester,United States
Murrieta,United States
Greenville,United States
Brookhaven,United States
Wichita,United States
Toledo,United States
Staten Island,United States
Des Moines,United States
Long Beach,United States
Port St. Lucie,United States
Denton,United States
Madison,United States
Reno,United States
Harrisburg,United States
Little Rock,United States
Oakland,United States
Durham,United States
Winston-Salem,United States
Bonita Springs,United States
Indio,United States
Palm Coast,United States
Chattanooga,United States
Spokane,United States
Syracuse,United States
Lancaster,United States
Arlington,United States
Stockton,United States
Poughkeepsie,United States
Augusta,United States
Boise,United States
Oxnard,United States
Scranton,United States
Modesto,United States
Kissimmee,United States
Aurora,United States
Youngstown,United States
Fayetteville,United States
Anaheim,United States
Pensacola,United States
Victorville,United States
Lancaster,United States
Greensboro,United States
Corpus Christi,United States
Fort Wayne,United States
Santa Ana,United States
Flint,United States
Islip,United States
Fayetteville,United States
Jackson,United States
Santa Rosa,United States
Lansing,United States
Lexington,United States
Ann Arbor,United States
Henderson,United States
Huntsville,United States
Mobile,United States
Fort Collins,United States
Asheville,United States
Santa Clarita,United States
St. Paul,United States
Antioch,United States
Lakeland,United States
Oyster Bay,United States
Trenton,United States
Lincoln,United States
Springfield,United States
Anchorage,United States
Plano,United States
Irvine,United States
Davenport,United States
Rockford,United States
Newark,United States
South Bend,United States
Shreveport,United States
Round Lake Beach,United States
Savannah,United States
Myrtle Beach,United States
Chula Vista,United States
Eugene,United States
Canton,United States
Lubbock,United States
Reading,United States
Winter Haven,United States
Salem,United States
St. Petersburg,United States
Lafayette,United States
Laredo,United States
Jersey City,United States
Concord,United States
Columbus,United States
Chandler,United States
McKinney,United States
Scottsdale,United States
Killeen,United States
Tallahassee,United States
Peoria,United States
Wilmington,United States
Montgomery,United States
Gilbert,United States
Glendale,United States
North Las Vegas,United States
Chesapeake,United States
Barnstable,United States
Norfolk,United States
Fremont,United States
Kennewick,United States
Garland,United States
Irving,United States
Visalia,United States
Atlantic City,United States
Paradise,United States
Nashua,United States
Montevideo,Uruguay
Salto,Uruguay
Ciudad de la Costa,Uruguay
Maldonado,Uruguay
Paysandu,Uruguay
Las Piedras,Uruguay
Rivera,Uruguay
Tacuarembo,Uruguay
Melo,Uruguay
Mercedes,Uruguay
Tashkent,Uzbekistan
Namangan,Uzbekistan
Samarkand,Uzbekistan
Andijon,Uzbekistan
Qoqon,Uzbekistan
Nukus,Uzbekistan
Farg`ona,Uzbekistan
Bukhara,Uzbekistan
Qarshi,Uzbekistan
Denov,Uzbekistan
Port-Vila,Vanuatu
Luganville,Vanuatu
Lakatoro,Vanuatu
Isangel,Vanuatu
Saratamata,Vanuatu
Sola,Vanuatu
Vatican City,Vatican City
Caracas,Venezuela
Maracaibo,Venezuela
Valencia,Venezuela
Barquisimeto,Venezuela
Ciudad Guayana,Venezuela
Catia La Mar,Venezuela
Ciudad Bolivar,Venezuela
Santa Teresa del Tuy,Venezuela
Maturin,Venezuela
Barcelona,Venezuela
Ho Chi Minh City,Vietnam
Hanoi,Vietnam
Haiphong,Vietnam
Can Tho,Vietnam
Bien Hoa,Vietnam
Thu Duc,Vietnam
Quang Ha,Vietnam
Hue,Vietnam
Bac Ninh,Vietnam
Hai Duong,Vietnam
Mata-Utu,Wallis And Futuna
Leava,Wallis And Futuna
Al Quds,West Bank
Sanaa,Yemen
Ta`izz,Yemen
Al Hudaydah,Yemen
Aden,Yemen
Ibb,Yemen
Dhamar,Yemen
Al Mukalla,Yemen
Ash Shaykh `Uthman,Yemen
Tarim,Yemen
Sa`dah,Yemen
Lusaka,Zambia
Ndola,Zambia
Kitwe,Zambia
Mazabuka,Zambia
Kasama,Zambia
Kashikishi,Zambia
Chingola,Zambia
Nchelenge,Zambia
Livingstone,Zambia
Mansa,Zambia
Harare,Zimbabwe
Bulawayo,Zimbabwe
Chitungwiza,Zimbabwe
Mutare,Zimbabwe
Gweru,Zimbabwe
Masvingo,Zimbabwe
Chinhoyi,Zimbabwe
Marondera,Zimbabwe
Bindura,Zimbabwe
Gwanda,Zimbabwe
